Title,Price,Link,Scraped_At
เครื่องซักผ้าฝาหน้า TOSHIBA TW-BH85S2T 7.5 กก. อิน...,"฿ 13,990-28%",https://www.homepro.co.th/p/1154242,2025-04-16 21:46:17.945690+07:00
เครื่องซักผ้าฝาบน TOSHIBA AW-M901BT(WW) 8 กก. สีขา...,"฿ 6,490-12%",https://www.homepro.co.th/p/1228637,2025-04-16 21:46:17.945690+07:00
เครื่องขจัดคราบอเนกประสงค์ IRIS OHYAMA RNS-300,"฿ 3,300-18%",https://www.homepro.co.th/p/1185134,2025-04-16 21:46:17.945690+07:00
ตู้เย็น 2 ประตู SAMSUNG RT25FGRADB1/ST 9.0 คิว,"฿ 10,490-11%",https://www.homepro.co.th/p/1177504,2025-04-16 21:46:17.945690+07:00
เครื่องซักผ้าฝาบน LG T2314VS2B 14 กก. อินเวอร์เตอร...,"฿ 14,490-27%",https://www.homepro.co.th/p/1219852,2025-04-16 21:46:17.945690+07:00
พัดลมตั้งพื้น 16 นิ้ว TOSHIBA F-ASY50TH(W) สีขาว,"฿ 1,690-41%",https://www.homepro.co.th/p/1181275,2025-04-16 21:46:17.945690+07:00
เครื่องซักผ้าฝาบน SAMSUNG WA14CG5441BYST 14 กก. อิ...,"฿ 16,490-31%",https://www.homepro.co.th/p/1232596,2025-04-16 21:46:17.945690+07:00
เครื่องซักผ้าฝาบน SAMSUNG WA16CG6745BDST 16 กก. อิ...,"฿ 19,990-27%",https://www.homepro.co.th/p/1232594,2025-04-16 21:46:17.945690+07:00
ตู้เย็น 2 ประตู SAMSUNG RT38CG6020B1ST 13.9 สีดำ อ...,"฿ 17,490-42%",https://www.homepro.co.th/p/1233801,2025-04-16 21:46:17.945690+07:00
ตู้เย็น 2 ประตู TOSHIBA GR-RT234WE-DMTH(SS) 6.4 คิ...,"฿ 6,990-10%",https://www.homepro.co.th/p/1240795,2025-04-16 21:46:17.945690+07:00
ขาแขวนทีวี MOVADA PTB-213MBA,"฿ 1,490-0%",https://www.homepro.co.th/p/1140153,2025-04-16 21:46:17.945690+07:00
ขาแขวนทีวี MOVADA PTB-101MT 32-70 นิ้ว,"฿ 1,190-0%",https://www.homepro.co.th/p/1140087,2025-04-16 21:46:17.945690+07:00
"แอลอีดีทีวี 55 นิ้ว SONY (4K, GOOGLE TV) KD-55X75K","฿ 22,490-10%",https://www.homepro.co.th/p/1206496,2025-04-16 21:46:17.945690+07:00
"แอลอีดีทีวี 43 นิ้ว TOSHIBA (FULL HD, Android TV) ...","฿ 11,999-30%",https://www.homepro.co.th/p/1236211,2025-04-16 21:46:17.945690+07:00
เครื่องดูดฝุ่นแบบถุง ELECTROLUX Z1221 1600 วัตต์ ส...,"฿ 2,190-20%",https://www.homepro.co.th/p/1087463,2025-04-16 21:46:17.945690+07:00
เครื่องดูดฝุ่นแบบด้าม ELECTROLUX ZB3515ST,"฿ 5,990-25%",https://www.homepro.co.th/p/1172833,2025-04-16 21:46:17.945690+07:00
เครื่องดูดฝุ่นแบบกล่อง SAMSUNG VCC4540S36/XST,"฿ 2,290-17%",https://www.homepro.co.th/p/1102540,2025-04-16 21:46:17.945690+07:00
เครื่องขจัดคราบอเนกประสงค์ IRIS OHYAMA RNS-300,"฿ 3,300-18%",https://www.homepro.co.th/p/1185134,2025-04-16 21:46:17.945690+07:00
พัดลมตั้งพื้น 16 นิ้ว TOSHIBA F-ASY50TH(W) สีขาว,"฿ 1,690-41%",https://www.homepro.co.th/p/1181275,2025-04-16 21:46:17.945690+07:00
เตาอบฝัง HAFELE KNOB65L.ECO 495.06.439 60 ซม.,"฿ 24,840-68%",https://www.homepro.co.th/p/1118836,2025-04-16 21:46:17.945690+07:00
ท่อลม PARNO 6 นิ้ว x 5 เมตร,฿ 620-19%,https://www.homepro.co.th/p/193806,2025-04-16 21:46:17.945690+07:00
หัวปรับความดันต่ำเซฟตี้พร้อมสายแก๊ส HAFELE 485.50....,฿ 900-38%,https://www.homepro.co.th/p/1108715,2025-04-16 21:46:17.945690+07:00
เครื่องล้างจานตั้งพื้น TOSHIBA DW-14F2(BS)-TH,"฿ 30,990-45%",https://www.homepro.co.th/p/1198608,2025-04-16 21:46:17.945690+07:00
เครื่องดูดควันกระโจม TECNOSTAR TNS HD3460K-AC 60ซม...,"฿ 8,990-51%",https://www.homepro.co.th/p/1137246,2025-04-16 21:46:17.945690+07:00
หน้ากากกันแมลง TECNOPLUS TNP AHD 150 SC 15 ซม.,"฿ 2,100-52%",https://www.homepro.co.th/p/1107389,2025-04-16 21:46:17.945690+07:00
หน้ากากกันแมลงแบบกันฝน PARNO FC150WH 15 ซม. สีขาว,฿ 490-20%,https://www.homepro.co.th/p/193770,2025-04-16 21:46:17.945690+07:00
เครื่องดูดควันมาตรฐาน TEKA C605 60 ซม.,"฿ 6,900-46%",https://www.homepro.co.th/p/291840,2025-04-16 21:46:17.945690+07:00
หัวปรับความดันต่ำเซฟตี้พร้อมสายแก๊ส MEX SPR37S GH,"฿ 1,300-33%",https://www.homepro.co.th/p/1162473,2025-04-16 21:46:17.945690+07:00
เตาแก๊สตั้งโต๊ะ 2 หัวแก๊ส ELECTROLUX ETG728TL,"฿ 3,490-22%",https://www.homepro.co.th/p/1043313,2025-04-16 21:46:17.945690+07:00
เตาแก๊สตั้งโต๊ะ 2 หัวแก๊ส ELECTROLUX ETG726BXS,"฿ 2,690-18%",https://www.homepro.co.th/p/1098332,2025-04-16 21:46:17.945690+07:00
เครื่องล้างจานตั้งพื้น BOSCH SMS43D02ME,"฿ 23,900-31%",https://www.homepro.co.th/p/1185441,2025-04-16 21:46:17.945690+07:00
เตาฝังเซรามิก MEX HVC232 30 ซม.,"฿ 10,500-37%",https://www.homepro.co.th/p/1216405,2025-04-16 21:46:17.945690+07:00
ตู้ลิ้นชัก 3 ลิ้นชัก FURDINI AMORE สีไวท์โอ๊ค/ขาว,"฿ 1,590-25%",https://www.homepro.co.th/p/1228718,2025-04-16 21:46:17.945690+07:00
โต๊ะอเนกประสงค์เหลี่ยม SURE T60180 สีขาว,"฿ 2,520-46%",https://www.homepro.co.th/p/1028328,2025-04-16 21:46:17.945690+07:00
โต๊ะพับไม้ยางพารา PJ WOOD สีธรรมชาติ,฿ 690-56%,https://www.homepro.co.th/p/1157747,2025-04-16 21:46:17.945690+07:00
เก้าอี้สำนักงาน MODENA AMAZON สีดำ,"฿ 2,990-46%",https://www.homepro.co.th/p/1158268,2025-04-16 21:46:17.945690+07:00
ตู้วางทีวี FURDINI SETH 120 ซม. สีวอลนัท/เทา,"฿ 1,490-26%",https://www.homepro.co.th/p/1202108,2025-04-16 21:46:17.945690+07:00
ชุดโต๊ะอาหาร 6 ที่นั่ง FURDINI KARAKED สีวอลนัท,"฿ 15,900-27%",https://www.homepro.co.th/p/1218873,2025-04-16 21:46:17.945690+07:00
โซฟา BOFA SOUTH สีครีม,"฿ 3,990-42%",https://www.homepro.co.th/p/1152034,2025-04-16 21:46:17.945690+07:00
ตู้วางทีวี FURDINI SETH 120 ซม. สีไวท์โอ๊ค/ขาว,"฿ 1,490-26%",https://www.homepro.co.th/p/1202149,2025-04-16 21:46:17.945690+07:00
โต๊ะอเนกประสงค์เหลี่ยม SURE T60120 สีขาว,"฿ 1,750-51%",https://www.homepro.co.th/p/1002464,2025-04-16 21:46:17.945690+07:00
ชุดโต๊ะอาหาร 4 ที่นั่ง FURDINI MAYKALA สีน้ำตาลเข้...,"฿ 14,900-28%",https://www.homepro.co.th/p/1219950,2025-04-16 21:46:17.945690+07:00
โต๊ะอเนกประสงค์เหลี่ยม SURE T60150 สีขาว,"฿ 2,190-52%",https://www.homepro.co.th/p/1002491,2025-04-16 21:46:17.945690+07:00
ไส้กรอง STIEBEL FOUNTAIN 7 IN 1,"฿ 4,745-23%",https://www.homepro.co.th/p/1092359,2025-04-16 21:46:17.945690+07:00
เครื่องทำน้ำอุ่น STIEBEL WS 35 E-2 3500 วัตต์,"฿ 4,690-21%",https://www.homepro.co.th/p/1157153,2025-04-16 21:46:17.945690+07:00
เครื่องทำน้ำอุ่น TOSHIBA TWH-38WTH 3800 วัตต์ สีขา...,"฿ 2,990-26%",https://www.homepro.co.th/p/1181759,2025-04-16 21:46:17.945690+07:00
เครื่องทำน้ำอุ่น TOSHIBA TWH-45WTH 4500 วัตต์ สีขา...,"฿ 3,290-24%",https://www.homepro.co.th/p/1181726,2025-04-16 21:46:17.945690+07:00
เครื่องทำน้ำอุ่น STIEBEL WS 45 E-2 4500 วัตต์ สีขา...,"฿ 4,990-22%",https://www.homepro.co.th/p/1157114,2025-04-16 21:46:17.945690+07:00
เครื่องทำน้ำอุ่น SHARP WH-34 3500 วัตต์ สีขาว,"฿ 2,990-30%",https://www.homepro.co.th/p/1106797,2025-04-16 21:46:17.945690+07:00
ตัวกรองอาบน้ำ VALINA MICRO PP,฿ 490-40%,https://www.homepro.co.th/p/1206683,2025-04-16 21:46:17.945690+07:00
ชุดฝักบัวสายอ่อน 3 ระดับ AMERICAN STANDARD F46306-...,฿ 430-4%,https://www.homepro.co.th/p/1089849,2025-04-16 21:46:17.945690+07:00
สุขภัณฑ์ 1 ชิ้น MOYA SN-T008 3/6 ลิตร สีขาว,"฿ 4,590-28%",https://www.homepro.co.th/p/1076956,2025-04-16 21:46:17.945690+07:00
สายฉีดชำระครบชุด AMERICAN STANDARD A-4900-ST สเตนเ...,฿ 670-12%,https://www.homepro.co.th/p/284904,2025-04-16 21:46:17.945690+07:00
สุขภัณฑ์ 2 ชิ้น MOYA 013 3/6 ลิตร สีขาว,"฿ 3,590-36%",https://www.homepro.co.th/p/1147131,2025-04-16 21:46:17.945690+07:00
สุขภัณฑ์ 2 ชิ้น AMERICAN STANDARD TF-2697SCW-WT-0 ...,"฿ 3,050-11%",https://www.homepro.co.th/p/1084199,2025-04-16 21:46:17.945690+07:00
ก๊อกซิงค์เดี่ยวติดตั้งบนเคาน์เตอร์ HONS FC2001,"฿ 1,269-47%",https://www.homepro.co.th/p/1144991,2025-04-16 21:46:17.945690+07:00
กระจกเรียบ MOYA VM-8020 80x60 ซม.,฿ 600-28%,https://www.homepro.co.th/p/263408,2025-04-16 21:46:17.945690+07:00
สายฉีดชำระครบชุด HAFELE 485.95.054 สีโครม,฿ 779-51%,https://www.homepro.co.th/p/1115436,2025-04-16 21:46:17.945690+07:00
สายฉีดชำระครบชุด-ขาว HANG SS-02,฿ 220-23%,https://www.homepro.co.th/p/13751,2025-04-16 21:46:17.945690+07:00
สุขภัณฑ์ 2 ชิ้น KARAT K-45535X 3.75 ลิตร สีขาว,"฿ 4,600-56%",https://www.homepro.co.th/p/285121,2025-04-16 21:46:17.945690+07:00
สุขภัณฑ์ 2 ชิ้น MOYA 2801 4.5 ลิตร สีขาว,"฿ 2,790-32%",https://www.homepro.co.th/p/1088239,2025-04-16 21:46:17.945690+07:00
กล่องดูดความชื้น FARCENT D-507 CHARCOAL 450 มล. แพ...,฿ 165-40%,https://www.homepro.co.th/p/1046537,2025-04-16 21:46:17.945690+07:00
กล่องเก็บของ มีล้อ ฝาล็อค STACKO 2556 66 ลิตร สีขา...,฿ 399-42%,https://www.homepro.co.th/p/1002032,2025-04-16 21:46:17.945690+07:00
น้ำยาล้างจาน ซันไลต์ 500 มล. LEMON แพ็ก 3 ชิ้น,฿ 92-29%,https://www.homepro.co.th/p/1037552,2025-04-16 21:46:17.945690+07:00
น้ำยาทำความสะอาดห้องน้ำ เป็ด ม่วง 900 มล. แพ็ก2แถม...,฿ 112-8%,https://www.homepro.co.th/p/292985,2025-04-16 21:46:17.945690+07:00
ตะกร้าผ้าล้อลาก PLIM BK-137-3 สีขาว/เทา,฿ 299-40%,https://www.homepro.co.th/p/1101743,2025-04-16 21:46:17.945690+07:00
ตู้เสื้อผ้าราวแขวนมีชั้นวาง PLIM LINEAR สีดำ,"฿ 1,990-14%",https://www.homepro.co.th/p/1191848,2025-04-16 21:46:17.945690+07:00
"น้ำยาทำความสะอาดฆ่าเชื้ออเนกประสงค์ DETTOL 5,000 ม...","฿ 2,699-42%",https://www.homepro.co.th/p/1083194,2025-04-16 21:46:17.945690+07:00
น้ำยาย่อยจุลินทรีย์ TOTTO 950ml,฿ 159-6%,https://www.homepro.co.th/p/287411,2025-04-16 21:46:17.945690+07:00
ชุดไม้กวาดพร้อมที่โกยผงขอบยาง ACCO YJ-1849 IV 10 น...,฿ 129-31%,https://www.homepro.co.th/p/1097942,2025-04-16 21:46:17.945690+07:00
กล่องดูดความชื้น FARCENT 501C 450 มล. แพ็ก3 กลิ่นล...,฿ 165-40%,https://www.homepro.co.th/p/1003330,2025-04-16 21:46:17.945690+07:00
โต๊ะรีดผ้า 11 ระดับ ไอน้ำ PLIM ELEGANCE,"฿ 1,459-38%",https://www.homepro.co.th/p/196083,2025-04-16 21:46:17.945690+07:00
น้ำยาทำความสะอาดฆ่าเชื้ออเนกประสงค์ DETTOL 750 มล.,฿ 599-0%,https://www.homepro.co.th/p/287780,2025-04-16 21:46:17.945690+07:00
"สบู่เหลวล้างมือ 3M 3,800ml",฿ 210-24%,https://www.homepro.co.th/p/281587,2025-04-16 21:46:17.945690+07:00
"น้ำยาขจัดท่อตัน FARCENT 1,000 มล.",฿ 135-7%,https://www.homepro.co.th/p/205054,2025-04-16 21:46:17.945690+07:00
"ผงย่อยจุลินทรีย์สุขภัณฑ์ BIONIC 1,000 กรัม",฿ 200-0%,https://www.homepro.co.th/p/121778,2025-04-16 21:46:17.945690+07:00
แท่นชาร์จ DEWALT DCB1104-B1 12-20 โวลต์ Max 4 แอมป...,"฿ 1,600-38%",https://www.homepro.co.th/p/1228215,2025-04-16 21:46:17.945690+07:00
แบตเตอรี่ DEWALT DCB184-B1 18 โวลต์ 5.0 แอมป์,"฿ 5,450-59%",https://www.homepro.co.th/p/1152877,2025-04-16 21:46:17.945690+07:00
สว่านไขควงไร้สาย BOSCH GO 2 3.6 โวลต์,"฿ 1,950-38%",https://www.homepro.co.th/p/1147541,2025-04-16 21:46:17.945690+07:00
ลวดเชื่อมเหล็ก KOBE K-30 2.6X350 มม. 2 กก.,฿ 250-38%,https://www.homepro.co.th/p/219263,2025-04-16 21:46:17.945690+07:00
ใบตัดเหล็กสแตนเลส MATALL 4 นิ้ว,฿ 15-46%,https://www.homepro.co.th/p/1154102,2025-04-16 21:46:17.945690+07:00
เครื่องฉีดน้ำ ZINSANO AMAZON ULTRA 110 บาร์ 1600 ว...,"฿ 4,790-33%",https://www.homepro.co.th/p/1185722,2025-04-16 21:46:17.945690+07:00
ปั๊มลมไร้สาย BOSCH EASYPUMP 3.6 โวลต์ 10.3 บาร์,"฿ 3,690-39%",https://www.homepro.co.th/p/1238324,2025-04-16 21:46:17.945690+07:00
ใบตัดเหล็ก SUMO FAST CUT DOUBLENET 4 นิ้ว 1X16 มม.,฿ 17-41%,https://www.homepro.co.th/p/1131870,2025-04-16 21:46:17.945690+07:00
ลวดเชื่อมเหล็ก KOBE RB-26 2.6 มม. 1 กล่อง,฿ 250-33%,https://www.homepro.co.th/p/219282,2025-04-16 21:46:17.945690+07:00
ลวดเชื่อมเหล็ก MATALL E6013 2.6X350 มม. 2 กก.,฿ 144-37%,https://www.homepro.co.th/p/1171491,2025-04-16 21:46:17.945690+07:00
กาต้มน้ำไฟฟ้า MEX KPL406CR 0.6 ลิตร สีครีม,"฿ 1,990-28%",https://www.homepro.co.th/p/1286997,2025-04-16 21:46:17.945690+07:00
แอร์ผนัง DAIKIN FTKD12ZV2S 12300 บีทียู อินเวอร์เต...,"฿ 26,900-18%",https://www.homepro.co.th/p/1284663,2025-04-16 21:46:17.945690+07:00
พัดลมพกพา KASHIWA รุ่น KW-4800 สีขาว,"฿ 1,290-53%",https://www.homepro.co.th/p/888155800038,2025-04-16 21:46:17.945690+07:00
แอร์ผนัง DAIKIN FTKE12YV2S 12300 บีทียู อินเวอร์เต...,"฿ 24,900-40%",https://www.homepro.co.th/p/1286325,2025-04-16 21:46:17.945690+07:00
แอร์ผนัง HAIER HSU-18VRSA05P 18200 บีทียู อินเวอร์...,"฿ 30,490-1%",https://www.homepro.co.th/p/1283713,2025-04-16 21:46:17.945690+07:00
แอร์ผนัง LG SCQ18A.S11 18000 บีทียู อินเวอร์เตอร์,"฿ 43,990-22%",https://www.homepro.co.th/p/1282826,2025-04-16 21:46:17.945690+07:00
ลำโพงบลูทูธ MARSHALL KILBURN II สีดำทอง,"฿ 12,990-23%",https://www.homepro.co.th/p/1280621,2025-04-16 21:46:17.945690+07:00
เครื่องกรองน้ำ 3 ขั้นตอน UNI PURE รุ่น UB-304  ขนา...,"฿ 1,700-20%",https://www.homepro.co.th/p/888111800057,2025-04-16 21:46:17.945690+07:00
เครื่องกรองน้ำใช้ 1 ขั้นตอน TREATTON ขนาด 10 นิ้ว ...,฿ 600-25%,https://www.homepro.co.th/p/888111800075,2025-04-16 21:46:17.945690+07:00
แอร์ผนัง COMFEE CF-09VCBF-T 9000 บีทียู อินเวอร์เต...,"฿ 17,990-11%",https://www.homepro.co.th/p/1282587,2025-04-16 21:46:17.945690+07:00
แบตเตอรี่สำรอง MOFIT M15 15000MAH สีขาว,"฿ 1,290-31%",https://www.homepro.co.th/p/1285292,2025-04-16 21:46:17.945690+07:00
แผ่นเกม NINTENDO SWITCH THE LEGEND OF ZELDA : TEAR...,"฿ 2,490-20%",https://www.homepro.co.th/p/1273067,2025-04-16 21:46:17.945690+07:00
เครื่องเล่นเกม PLAYSTATION 5 PRO DIGITAL EDITION S...,"฿ 31,850-7%",https://www.homepro.co.th/p/1276435,2025-04-16 21:46:17.945690+07:00
แผ่นเกม NINTENDO SWITCH ANIMAL CROSSING NEW HORIZO...,"฿ 1,990-15%",https://www.homepro.co.th/p/1273030,2025-04-16 21:46:17.945690+07:00
หูฟังไร้สาย JVC HA-A3T สีดำ,"฿ 1,790-11%",https://www.homepro.co.th/p/1288991,2025-04-16 21:46:17.945690+07:00
หูฟัง JVC HA-L50 สีขาว,฿ 420-10%,https://www.homepro.co.th/p/1288817,2025-04-16 21:46:17.945690+07:00
เครื่องย่อยเศษอาหาร MARTIN JFD204RD สีขาว/แดง,"฿ 27,900-7%",https://www.homepro.co.th/p/1282173,2025-04-16 21:46:17.945690+07:00
แก้วน้ำ 600 มล. LOCKNLOCK CAFE GLASS BOTTLE สีขาว,฿ 399-28%,https://www.homepro.co.th/p/1283754,2025-04-16 21:46:17.945690+07:00
ซิงค์ฝัง 1 หลุม 1 ที่พัก MEX DLC101 สีเงิน,"฿ 3,500-33%",https://www.homepro.co.th/p/1285784,2025-04-16 21:46:17.945690+07:00
ตู้ตั้งพื้นท็อปเรียบ SL SANKI THE KITCHEN PRO 61.5...,"฿ 12,440-11%",https://www.homepro.co.th/p/1284931,2025-04-16 21:46:17.945690+07:00
กระติกสุญญากาศ 475 มล. LOCKNLOCK METRO MUG สีฟ้า,฿ 829-31%,https://www.homepro.co.th/p/1283740,2025-04-16 21:46:17.945690+07:00
ตู้ตั้งพื้นท็อปเรียบ TSS W SANKI THE KITCHEN PRO 1...,"฿ 22,080-11%",https://www.homepro.co.th/p/1284907,2025-04-16 21:46:17.945690+07:00
ครัวไม้สำเร็จ SB FURNITURE KUCHE COMP150F-R WHITE ...,"฿ 45,000-34%",https://www.homepro.co.th/p/1280702,2025-04-16 21:46:17.945690+07:00
ซิงค์ฝัง 1 หลุม FRANKE BCX 110-75 TL สีเงิน,"฿ 11,170-35%",https://www.homepro.co.th/p/1284768,2025-04-16 21:46:17.945690+07:00
หม้อหุงข้าว KASHIWA รุ่น RC-104 ความจุ 1 ลิตร สีขา...,฿ 598-46%,https://www.homepro.co.th/p/888155800050,2025-04-16 21:46:17.945690+07:00
กระติกสุญญากาศ 480 มล. ZOJIRUSHI SU-AA48-AA สีน้ำเ...,"฿ 1,500-20%",https://www.homepro.co.th/p/1282050,2025-04-16 21:46:17.945690+07:00
เครื่องล้างจานฝัง HAFELE CLEANO BI 495.06.531,"฿ 29,840-40%",https://www.homepro.co.th/p/1286803,2025-04-16 21:46:17.945690+07:00
ตู้แขวน SANKI CLEAN KITCHEN HCZ-NS 80 ซม.,"฿ 9,750-11%",https://www.homepro.co.th/p/1285032,2025-04-16 21:46:17.945690+07:00
[Pre-order] โคมไฟระย้า คริสตัลสังเคราะห์ K9 Proma-...,"฿ 32,900-21%",https://www.homepro.co.th/p/888126000387,2025-04-16 21:46:17.945690+07:00
[Pre-order] โคมไฟระย้า คริสตัลสังเคราะห์ K9 Proma-...,"฿ 45,900-10%",https://www.homepro.co.th/p/888126000417,2025-04-16 21:46:17.945690+07:00
ผ้าม่าน EYELET HOME LIVING STYLE YORK UV 145X160 ซ...,"฿ 1,290-30%",https://www.homepro.co.th/p/1282590,2025-04-16 21:46:17.945690+07:00
รูปภาพตกแต่ง WANA.GALLERY SHYH-000036 หลากสี,"฿ 21,900-15%",https://www.homepro.co.th/p/1283658,2025-04-16 21:46:17.945690+07:00
พรม MJhomedesigns Saint Paul Series 4910 ขนาด 160 ...,"฿ 20,000-15%",https://www.homepro.co.th/p/888126300233,2025-04-16 21:46:17.945690+07:00
บีนแบค ทรงชีส Nunta Leather รุ่น Sunkissed Size: L...,"฿ 2,200-20%",https://www.homepro.co.th/p/888140800031,2025-04-16 21:46:17.945690+07:00
หมอนพิง Nunta Leather รุ่น Sunkissed Size: 15x15 น...,฿ 300-20%,https://www.homepro.co.th/p/888140800056,2025-04-16 21:46:17.945690+07:00
บีนแบค ทรงหยดน้ำ Nunta Leather รุ่น Sunkissed Size...,"฿ 1,900-20%",https://www.homepro.co.th/p/888140800066,2025-04-16 21:46:17.945690+07:00
โต๊ะทำงาน KONCEPT BENITA 19229380 120 ซม. สีไม้อ่อ...,"฿ 4,900-24%",https://www.homepro.co.th/p/1284838,2025-04-16 21:46:17.945690+07:00
เก้าอี้หวายเทียม SPRING CAILY สีเทา,฿ 890-22%,https://www.homepro.co.th/p/1281453,2025-04-16 21:46:17.945690+07:00
โต๊ะทำงานเพื่อสุขภาพ Fennix รุ่น 120*60cm สีโอ๊ค/ด...,"฿ 9,900-29%",https://www.homepro.co.th/p/888171900023,2025-04-16 21:46:17.945690+07:00
โซฟาเข้ามุมซ้าย SB FURNITURE GEEZER 19236742 สีเทา...,"฿ 57,300-39%",https://www.homepro.co.th/p/1288580,2025-04-16 21:46:17.945690+07:00
โต๊ะทำงาน Fennix รุ่น LINNMON 100*60cm สีน้ำตาล/ดำ,"฿ 2,590-69%",https://www.homepro.co.th/p/888171900059,2025-04-16 21:46:17.945690+07:00
โต๊ะทำงานเพื่อสุขภาพ Fennix รุ่น L-Shaped สีขาว,"฿ 21,990-50%",https://www.homepro.co.th/p/888171900041,2025-04-16 21:46:17.945690+07:00
เตียง 3.5 ฟุต SB FURNITURE HAGI 19222191 สีไม้อ่อน,"฿ 21,500-22%",https://www.homepro.co.th/p/1277936,2025-04-16 21:46:17.945690+07:00
โต๊ะทำงานเพื่อสุขภาพ Fennix รุ่น 160*80cm สีไม้สีเ...,"฿ 9,900-19%",https://www.homepro.co.th/p/888171900037,2025-04-16 21:46:17.945690+07:00
ตู้วางทีวี MJhomedesigns TB1195 สีขาว L220xW40xH43...,"฿ 44,645-15%",https://www.homepro.co.th/p/888126300266,2025-04-16 21:46:17.945690+07:00
เก้าอี้ทำงานเพื่อสุขภาพ Perfect SWAN SERIES รุ่น 5...,"฿ 9,000-50%",https://www.homepro.co.th/p/888165900031,2025-04-16 21:46:17.945690+07:00
[Pre-order] เตียงนอน Proma-B13-6F ขนาด 6 ฟุต สีน้ำ...,"฿ 39,900-15%",https://www.homepro.co.th/p/888126000414,2025-04-16 21:46:17.945690+07:00
หมอน Ergonomic mr.big สำหรับคนนอนตะแคง รุ่น Nine P...,"฿ 4,990-10%",https://www.homepro.co.th/p/888166800025,2025-04-16 21:46:17.945690+07:00
แผ่นรองนอน 3.5ฟุต mr.big BodyBalance Topper 10ซม. ...,"฿ 47,500-10%",https://www.homepro.co.th/p/888166800053,2025-04-16 21:46:17.945690+07:00
ที่นอน 5 ฟุต mr.big Figured™ One สีขาว ที่นอนสำหรั...,"฿ 59,500-20%",https://www.homepro.co.th/p/888166800070,2025-04-16 21:46:17.945690+07:00
แผ่นรองนอน 5ฟุต mr.big BodyBalance Topper 5ซม. สีข...,"฿ 40,000-10%",https://www.homepro.co.th/p/888166800050,2025-04-16 21:46:17.945690+07:00
แผ่นรองนอน 3.5 ฟุต mr.big 7-Zone Comforter สีขาว,"฿ 7,950-10%",https://www.homepro.co.th/p/888166800041,2025-04-16 21:46:17.945690+07:00
ชุดผ้าปูที่นอน 6 ฟุต (ชุด 6 ชิ้น) PICASSO BASIC EN...,"฿ 8,900-66%",https://www.homepro.co.th/p/1281074,2025-04-16 21:46:17.945690+07:00
แผ่นรองนอน 5 ฟุต mr.big BodyBalm Topper สำหรับที่น...,"฿ 18,500-10%",https://www.homepro.co.th/p/888166800046,2025-04-16 21:46:17.945690+07:00
แผ่นรองนอน 3.5 ฟุต mr.big CloudComforter Topper ท็...,"฿ 7,950-10%",https://www.homepro.co.th/p/888166800057,2025-04-16 21:46:17.945690+07:00
หมอนรองคอ mr.big รุ่น Travel Pillow สีเทาอ่อน (S/M...,"฿ 1,590-10%",https://www.homepro.co.th/p/888166800004,2025-04-16 21:46:17.945690+07:00
โครงเตียงพับ THAIBULL SSTBF2-105 107X198X55 ซม. สี...,"฿ 8,000-37%",https://www.homepro.co.th/p/1283182,2025-04-16 21:46:17.945690+07:00
กระเบื้องพื้น 90X90 ซม. COTTO ESPANA ลักชัวรี่ ไวท...,"฿ 3,999-8%",https://www.homepro.co.th/p/1281393,2025-04-16 21:46:17.945690+07:00
สายฉีดชำระครบชุด KARAT FAUCET KA-07-361-11 สีขาว,฿ 660-39%,https://www.homepro.co.th/p/1282805,2025-04-16 21:46:17.945690+07:00
โมเสคแก้ว 30X30 ซม. DURAGRES ดิซซี่ บลู,฿ 49-5%,https://www.homepro.co.th/p/1284619,2025-04-16 21:46:17.945690+07:00
ก๊อกซิงค์เดี่ยวเคาน์เตอร์ DONMARK GL-1444,฿ 490-9%,https://www.homepro.co.th/p/1280967,2025-04-16 21:46:17.945690+07:00
แผ่นตกแต่ง MOYA HD0307 สีเทา,฿ 375-25%,https://www.homepro.co.th/p/1279910,2025-04-16 21:46:17.945690+07:00
โมเสคแก้ว 30X30 ซม. DURAGRES ราวดี้ แบล็ค ลาส,฿ 49-5%,https://www.homepro.co.th/p/1284603,2025-04-16 21:46:17.945690+07:00
กระเบื้องผนัง 30X60 ซม. TARA โรฮาน มัลติคัลเลอร์ A...,฿ 399-22%,https://www.homepro.co.th/p/1282142,2025-04-16 21:46:17.945690+07:00
กระเบื้องพื้น 50X50 ซม. TARA นาติยาส น้ำตาล A 1 ตร...,฿ 259-5%,https://www.homepro.co.th/p/1273803,2025-04-16 21:46:17.945690+07:00
โมเสคแก้ว 30X30 ซม. DURAGRES บราวน์ มาเบิ้ล,฿ 49-5%,https://www.homepro.co.th/p/1284627,2025-04-16 21:46:17.945690+07:00
ฝักบัวสายอ่อน 1 ระดับ RASLAND RA D411-STN-4,฿ 559-26%,https://www.homepro.co.th/p/1284355,2025-04-16 21:46:17.945690+07:00
ก๊อกอ่างล้างหน้าเดี่ยว DONMARK GL-1441 สีเงิน,฿ 490-8%,https://www.homepro.co.th/p/1280725,2025-04-16 21:46:17.945690+07:00
ANAN ECONOMIC อันอัน ผ้าอ้อมผู้ใหญ่แบบเทป L-XL 30 ...,"฿ 1,780-16%",https://www.homepro.co.th/p/888125300073,2025-04-16 21:46:17.945690+07:00
ANAN ECONOMIC อันอัน ผ้าอ้อมผู้ใหญ่แบบเทป M 30 ชิ้...,"฿ 1,680-17%",https://www.homepro.co.th/p/888125300072,2025-04-16 21:46:17.945690+07:00
ANAN ECONOMIC อันอัน ผ้าอ้อมผู้ใหญ่แบบเทป M 30 ชิ้...,฿ 420-16%,https://www.homepro.co.th/p/888125300074,2025-04-16 21:46:17.945690+07:00
ANAN ECONOMIC อันอัน ผ้าอ้อมผู้ใหญ่แบบเทป L-XL 30 ...,฿ 445-14%,https://www.homepro.co.th/p/888125300075,2025-04-16 21:46:17.945690+07:00
สเปรย์ปรับอากาศ PORRIN 100 มล. PARIS,฿ 329-9%,https://www.homepro.co.th/p/1279878,2025-04-16 21:46:17.945690+07:00
แก้วเก็บความเย็น ICEBASE รุ่น VLB-401BK (WINSTON) ...,฿ 990-30%,https://www.homepro.co.th/p/888111300108,2025-04-16 21:46:17.945690+07:00
ถังขยะแบบฝากด Deli VS1120-GN-01 สีเขียว ขนาด 22.5x...,฿ 239-50%,https://www.homepro.co.th/p/888134600135,2025-04-16 21:46:17.945690+07:00
สเปรย์ปรับอากาศ PORRIN 100 มล. NEW YORK,฿ 329-9%,https://www.homepro.co.th/p/1279906,2025-04-16 21:46:17.945690+07:00
แก้วเก็บความเย็น ICEBASE รุ่น VLP-801BK (MOMENT) ข...,฿ 419-21%,https://www.homepro.co.th/p/888111300091,2025-04-16 21:46:17.945690+07:00
สมุดแพลนเนอร์แบบตั้งโต๊ะ Ropamoda month Desk plann...,฿ 185-8%,https://www.homepro.co.th/p/888154100028,2025-04-16 21:46:17.945690+07:00
เก้าอี้พลาสติก SPRING GABY สีขาว,"฿ 1,390-28%",https://www.homepro.co.th/p/1280497,2025-04-16 21:46:17.945690+07:00
ประตูบานเปิด มุ้งสเตนเลส S.D.BRILLIANT 80X200 ซม. ...,"฿ 9,450-15%",https://www.homepro.co.th/p/1274977,2025-04-16 21:46:17.945690+07:00
กรรไกรตัดกิ่งไร้สาย (เฉพาะตัวเครื่อง) ROWEL DSC250...,"฿ 2,590-11%",https://www.homepro.co.th/p/1286655,2025-04-16 21:46:17.945690+07:00
รั้วบังตา SUNSHIELD SET-A S90 0.6X2 ม. สีวอลนัท,"฿ 3,790-13%",https://www.homepro.co.th/p/1283978,2025-04-16 21:46:17.945690+07:00
พื้น SPC LT BY COTTO 4 มม. 2.64 ตร.ม. สี LIMONE OA...,"฿ 1,590-15%",https://www.homepro.co.th/p/1284955,2025-04-16 21:46:17.945690+07:00
ปูนซ่อมอเนกประสงค์ GYPROC 1 กก.,฿ 30-40%,https://www.homepro.co.th/p/281649,2025-04-16 21:46:17.945690+07:00
สีน้ำทาภายใน ชนิดด้าน TOA PRO EXPERT 2 IN 1 PM100 ...,฿ 570-22%,https://www.homepro.co.th/p/1287863,2025-04-16 21:46:17.945690+07:00
บันได STEP 5 ขั้น MATALL WK2223B-5D1 สีดำ,"฿ 2,890-31%",https://www.homepro.co.th/p/1276926,2025-04-16 21:46:17.945690+07:00
ตะปูสังกะสี ตรานายช่าง 1-3/4 นิ้ว เบอร์ 13 (แพ็ก 4...,฿ 39-25%,https://www.homepro.co.th/p/1201574,2025-04-16 21:46:17.945690+07:00
ไม้แบบพลาสติกหล่อเสา SON OF WOOD LG 25X25X300 ซม. ...,"฿ 6,437-3%",https://www.homepro.co.th/p/1286673,2025-04-16 21:46:17.945690+07:00
กระเบื้องคอนกรีตปูพื้น DURAONE แสตมป์เพฟ UVT สมาร์...,฿ 140-17%,https://www.homepro.co.th/p/1237185,2025-04-16 21:46:17.945690+07:00
กล้องวงจรปิดภายใน TRUE X รุ่น A3 TDG 3 ล้านพิกเซล ...,"฿ 1,798-50%",https://www.homepro.co.th/p/1280385,2025-04-16 21:46:17.945690+07:00
ถุงมือ Wrist Wrap Training ADIDAS ADGB-15052 สีดำ...,"฿ 1,690-14%",https://www.homepro.co.th/p/888113700128,2025-04-16 21:46:17.945690+07:00
ซัพพอร์ทข้อศอก ADIDAS ADSU-14121 ไซส์ M,"฿ 1,290-14%",https://www.homepro.co.th/p/888113700130,2025-04-16 21:46:17.945690+07:00
ที่คาดผม ADIDAS ADAC-16400BK สีดำ,฿ 690-14%,https://www.homepro.co.th/p/888113700122,2025-04-16 21:46:17.945690+07:00
ปลอกแขน ADIDAS ADSU-13011BK SIZE S/M สีดำ,฿ 790-14%,https://www.homepro.co.th/p/888113700133,2025-04-16 21:46:17.945690+07:00
จักรยานแม่บ้าน Xaming 26 นิ้ว สีครีม,"฿ 5,290-49%",https://www.homepro.co.th/p/888109200096,2025-04-16 21:46:17.945690+07:00
ถุงมือ Wrist Wrap Training ADIDAS ADGB-15050 สีดำ...,"฿ 1,690-14%",https://www.homepro.co.th/p/888113700126,2025-04-16 21:46:17.945690+07:00
ยางยืดแรงต้านทาน - กลาง ADIDAS ADTB-10704ST-NL สีเ...,฿ 550-20%,https://www.homepro.co.th/p/888113700153,2025-04-16 21:46:17.945690+07:00
ชุดบาร์เบลแกนหยัก IVADE 10-45 กก. (10 ชิ้น),"฿ 75,000-38%",https://www.homepro.co.th/p/1285714,2025-04-16 21:46:17.945690+07:00
เซตที่คาดผม 3 ชิ้น ADIDAS ADAC-16199,฿ 590-14%,https://www.homepro.co.th/p/888113700118,2025-04-16 21:46:17.945690+07:00
ซัพพอร์ทหัวเข่า ADIDAS ADSU-14112 SIZE L,"฿ 1,690-14%",https://www.homepro.co.th/p/888113700144,2025-04-16 21:46:17.945690+07:00
ปลอกแขน ADIDAS ADSU-13012BK SIZE L/XL สีดำ,฿ 790-14%,https://www.homepro.co.th/p/888113700134,2025-04-16 21:46:17.945690+07:00
เซตที่คาดผม 3 ชิ้น ADIDAS ADAC-16160,฿ 690-14%,https://www.homepro.co.th/p/888113700113,2025-04-16 21:46:17.945690+07:00
ที่นอนสัตว์เลี้ยง THAI FORWARD 45X44X40 ซม. สีชมพู,฿ 950-10%,https://www.homepro.co.th/p/1283886,2025-04-16 21:46:17.945690+07:00
กระบะทรายแมว PETUS ทรงรีใหญ่ สีเบจ,฿ 951-28%,https://www.homepro.co.th/p/1287711,2025-04-16 21:46:17.945690+07:00
กรรไกรตัดขนสัตว์เลี้ยง แบบฟันปลา PETUS สีชมพู,฿ 133-28%,https://www.homepro.co.th/p/1287798,2025-04-16 21:46:17.945690+07:00
กรงสัตว์เลี้ยงพกพา PETUS 48 ซม. สีเทาดำ,฿ 419-28%,https://www.homepro.co.th/p/1287276,2025-04-16 21:46:17.945690+07:00
กรงสัตว์เลี้ยงพกพา PETUS 58 ซม. สีขาวน้ำเงิน,฿ 601-28%,https://www.homepro.co.th/p/1287264,2025-04-16 21:46:17.945690+07:00
แผ่นรองกรง PETUS 71X59 ซม. สีฟ้า,฿ 265-28%,https://www.homepro.co.th/p/1287433,2025-04-16 21:46:17.945690+07:00
ชุดคลุมอาบน้ำสัตว์เลี้ยง PETUS ไซซ์ XS สีเทา,฿ 181-28%,https://www.homepro.co.th/p/1287824,2025-04-16 21:46:17.945690+07:00
พรมกันลื่น MEIWA AV 60X90 ซม.,฿ 530-25%,https://www.homepro.co.th/p/1283127,2025-04-16 21:46:17.945690+07:00
หวีสำหรับสัตว์เลี้ยง 2 IN 1 PETUS,฿ 27-29%,https://www.homepro.co.th/p/1287765,2025-04-16 21:46:17.945690+07:00
กรรไกรตัดขนสัตว์เลี้ยง ทรงตรง PETUS สีน้ำเงิน,฿ 133-28%,https://www.homepro.co.th/p/1287788,2025-04-16 21:46:17.945690+07:00
แผ่นดักทรายแมว PETUS 45X30 ซม. สีดำ,฿ 111-28%,https://www.homepro.co.th/p/1287502,2025-04-16 21:46:17.945690+07:00
พรมกันลื่น MEIWA BR 30X30 ซม. (9 ชิ้น/แพ็ก),฿ 660-25%,https://www.homepro.co.th/p/1283046,2025-04-16 21:46:17.945690+07:00
คอกกั้นเด็ก GEKO CLASSY SILICONE ไซซ์ COMPACT สี G...,"฿ 25,900-7%",https://www.homepro.co.th/p/1287119,2025-04-16 21:46:17.945690+07:00
จักรยานเด็ก Xaming MTB สีเขียว ล้อ 16 นิ้ว,"฿ 4,790-50%",https://www.homepro.co.th/p/888109200080,2025-04-16 21:46:17.945690+07:00
จักรยานเด็ก Xaming MTB สีน้ำเงิน ล้อ 16 นิ้ว,"฿ 4,790-50%",https://www.homepro.co.th/p/888109200082,2025-04-16 21:46:17.945690+07:00
เต็นท์เด็ก OYAKOO TENT BED PART PINK 922018 สีชมพู,"฿ 8,900-22%",https://www.homepro.co.th/p/1288849,2025-04-16 21:46:17.945690+07:00
จักรยานเด็ก Xaming MTB สีครีม ล้อ 16 นิ้ว,"฿ 4,790-50%",https://www.homepro.co.th/p/888109200081,2025-04-16 21:46:17.945690+07:00
คอกกั้นเด็ก GEKO CLASSY SILICONE 3.5 ฟุต สี GRAY-W...,"฿ 31,900-9%",https://www.homepro.co.th/p/1287132,2025-04-16 21:46:17.945690+07:00
ฝักบัวกรองน้ำพร้อมไส้กรอง BABY TATTOO 3 กล่อง,"฿ 2,090-23%",https://www.homepro.co.th/p/888127000127,2025-04-16 21:46:17.945690+07:00
เตียง 2 ชั้น THAIBULL SST2F-0142-105 สีขาว,"฿ 15,000-44%",https://www.homepro.co.th/p/1277275,2025-04-16 21:46:17.945690+07:00
เตียงนอนเด็ก IDAWIN รุ่น Eazy all in one  สี Twoto...,"฿ 24,300-26%",https://www.homepro.co.th/p/888135200006,2025-04-16 21:46:17.945690+07:00
จักรยานเด็ก Xaming MTB สีชมพู ล้อ 16 นิ้ว,"฿ 4,790-50%",https://www.homepro.co.th/p/888109200083,2025-04-16 21:46:17.945690+07:00
จักรยานเด็ก Xaming MTB สีชมพู ล้อ 18 นิ้ว,"฿ 4,890-49%",https://www.homepro.co.th/p/888109200084,2025-04-16 21:46:17.945690+07:00
จักรยานเด็ก Xaming MTB สีครีม ล้อ 18 นิ้ว,"฿ 4,890-49%",https://www.homepro.co.th/p/888109200087,2025-04-16 21:46:17.945690+07:00
พรมปูพื้นรถยนต์ JUSTMATE GAC AION Y 2023-2026,"฿ 3,800-7%",https://www.homepro.co.th/p/888163600010,2025-04-16 21:46:17.945690+07:00
พรมปูพื้นรถยนต์ JUSTMATE MAZDA CX30 2020-2025,"฿ 4,200-14%",https://www.homepro.co.th/p/888163600027,2025-04-16 21:46:17.945690+07:00
ยางรถยนต์ MICHELIN รุ่น XM2+ ขนาด 185/65R14 จำนวน ...,"฿ 13,960-8%",https://www.homepro.co.th/p/888112000142,2025-04-16 21:46:17.945690+07:00
พรมปูพื้นรถยนต์ JUSTMATE HONDA JAZZ GK 2014-2022,"฿ 3,800-9%",https://www.homepro.co.th/p/888163600024,2025-04-16 21:46:17.945690+07:00
พรมปูพื้นรถยนต์ JUSTMATE HONDA CRV G6 5 SEAT 2023 ...,"฿ 4,800-19%",https://www.homepro.co.th/p/888163600007,2025-04-16 21:46:17.945690+07:00
พรมปูพื้นรถยนต์ JUSTMATE BYD ATTO 3 2022-2026,"฿ 4,200-11%",https://www.homepro.co.th/p/888163600020,2025-04-16 21:46:17.945690+07:00
ยางรถยนต์ PIRELLI รุ่น CINTURATO ROSSO ขนาด 215/55...,"฿ 24,760-24%",https://www.homepro.co.th/p/888112000206,2025-04-16 21:46:17.945690+07:00
พรมปูพื้นรถยนต์ JUSTMATE GWM ORA GOOD CAT 2021-202...,"฿ 4,200-16%",https://www.homepro.co.th/p/888163600040,2025-04-16 21:46:17.945690+07:00
พรมปูพื้นรถยนต์ JUSTMATE HONDA CITY 2020 - 2025,"฿ 3,800-6%",https://www.homepro.co.th/p/888163600002,2025-04-16 21:46:17.945690+07:00
พรมปูพื้นรถยนต์ JUSTMATE TOYOTA CAMRY XV80 2024-20...,"฿ 4,800-19%",https://www.homepro.co.th/p/888163600028,2025-04-16 21:46:17.945690+07:00
พรมปูพื้นรถยนต์ JUSTMATE XPENG G6 2024 - 2028,"฿ 4,800-20%",https://www.homepro.co.th/p/888163600015,2025-04-16 21:46:17.945690+07:00
ผ้าห่ม HANSEN 70X80 นิ้ว สี GREY,฿ 598-50%,https://www.homepro.co.th/p/1225982,2025-04-16 21:46:17.945690+07:00
หมอนหนุน 19X29-INCH  NAVY HOME LIVING STYLE,฿ 359-52%,https://www.homepro.co.th/p/1115277,2025-04-16 21:46:17.945690+07:00
หมอนหนุน SANTAS DACRON,฿ 690-50%,https://www.homepro.co.th/p/61080,2025-04-16 21:46:17.945690+07:00
หมอนหนุน PREMIER SATIN ESSENTIAL PRO 19X29 นิ้ว สี...,฿ 680-72%,https://www.homepro.co.th/p/268572,2025-04-16 21:46:17.945690+07:00
หมอนหนุน 19X29-INCH  BROWN HOME LIVING STYLE,฿ 359-52%,https://www.homepro.co.th/p/1115282,2025-04-16 21:46:17.945690+07:00
หมอนหนุน HOME LIVING STYLE 19X29 นิ้ว,฿ 359-52%,https://www.homepro.co.th/p/186494,2025-04-16 21:46:17.945690+07:00
ที่นอน 6 ฟุต HOME LIVING STYLE NAVA,"฿ 8,900-55%",https://www.homepro.co.th/p/1034931,2025-04-16 21:46:17.945690+07:00
หมอนสุขภาพ HOME LIVING STYLE AIR FORM FIESTA,"฿ 1,590-61%",https://www.homepro.co.th/p/1080338,2025-04-16 21:46:17.945690+07:00
ที่นอน 5 ฟุต HOME LIVING STYLE NAVA,"฿ 7,900-54%",https://www.homepro.co.th/p/1034829,2025-04-16 21:46:17.945690+07:00
หมอนข้าง ME LIVING ULTRASOFT สีขาว,฿ 459-52%,https://www.homepro.co.th/p/1134753,2025-04-16 21:46:17.945690+07:00
หมอนข้าง SANTAS DACRON,฿ 890-50%,https://www.homepro.co.th/p/61079,2025-04-16 21:46:17.945690+07:00
ที่นอน 3.5 ฟุต HOME LIVING STYLE NAVA,"฿ 6,900-62%",https://www.homepro.co.th/p/1034917,2025-04-16 21:46:17.945690+07:00
แผ่นรองนอน HOME LIVING STYLE BALANCE 3 ฟุต,"฿ 3,200-59%",https://www.homepro.co.th/p/1025153,2025-04-16 21:46:17.945690+07:00
หมอนหนุน STEVENS ST.COMFORT 19x29 นิ้ว 1 แถม 1,฿ 650-40%,https://www.homepro.co.th/p/1152475,2025-04-16 21:46:17.945690+07:00
เตาถ่านบาร์บีคิว SPRING BARREL PRO สีดำ,"฿ 6,990-52%",https://www.homepro.co.th/p/1217227,2025-04-16 21:46:17.945690+07:00
ตู้เก็บของ HDPE SPRING EVEREST 90 ซม.,"฿ 7,990-55%",https://www.homepro.co.th/p/1169121,2025-04-16 21:46:17.945690+07:00
เก้าอี้พนักพิง-เอนนอน SPRING FT-234 สีขาว,฿ 620-35%,https://www.homepro.co.th/p/194381,2025-04-16 21:46:17.945690+07:00
แผ่นถ่วงน้ำหนัก SPRING สีดำ,฿ 790-17%,https://www.homepro.co.th/p/1040286,2025-04-16 21:46:17.945690+07:00
เก้าอี้พนักพิง ME LIVING GEM สีน้ำเงิน,฿ 199-47%,https://www.homepro.co.th/p/1178912,2025-04-16 21:46:17.945690+07:00
ตู้เก็บของ 4 ชั้น SPRING EVEREST 180 ซม.,"฿ 11,990-41%",https://www.homepro.co.th/p/1169055,2025-04-16 21:46:17.945690+07:00
กระติกน้ำแข็งมีก๊อก SPRING AG398 4 ลิตร สีเทา/น้ำเ...,฿ 350-26%,https://www.homepro.co.th/p/1156405,2025-04-16 21:46:17.945690+07:00
เก้าอี้หวายเทียม SPRING CHOCO BLACK X สีดำ,฿ 990-30%,https://www.homepro.co.th/p/1112338,2025-04-16 21:46:17.945690+07:00
เต็นท์สนามอเนกประสงค์ SPRING 2x2 ม. สีขาว,"฿ 1,290-26%",https://www.homepro.co.th/p/265227,2025-04-16 21:46:17.945690+07:00
ม้านั่งสนาม SPRING EVELYN PALM สี BRONZE,"฿ 4,200-28%",https://www.homepro.co.th/p/1182193,2025-04-16 21:46:17.945690+07:00
เก้าอี้พลาสติก SPRING BEST CHAIR สีเทา,฿ 199-25%,https://www.homepro.co.th/p/1104376,2025-04-16 21:46:17.945690+07:00
ชุดสนามหวายเทียม 2 ที่นั่ง ME LIVING RATTAN สีน้ำต...,"฿ 3,990-45%",https://www.homepro.co.th/p/1137441,2025-04-16 21:46:17.945690+07:00
ร่มสนามตัวแอล SPRING สีครีม,"฿ 4,590-43%",https://www.homepro.co.th/p/1040178,2025-04-16 21:46:17.945690+07:00
เก้าอี้หวายเทียม SPRING WICKER X สีเทาอ่อน,฿ 990-30%,https://www.homepro.co.th/p/1160458,2025-04-16 21:46:17.945690+07:00
เตา BBQ ถ่าน SPRING 22T ฝาอบ สีดำ,"฿ 2,700-41%",https://www.homepro.co.th/p/1020691,2025-04-16 21:46:17.945690+07:00
หลอด LED PHILIPS A60 8 วัตต์ DAYLIGHT E27 แพ็ก 4 ช...,฿ 596-50%,https://www.homepro.co.th/p/1087827,2025-04-16 21:46:17.945690+07:00
ดาวน์ไลท์ PHILIPS FBS111C 4 นิ้ว สีขาว กลม,฿ 200-50%,https://www.homepro.co.th/p/285238,2025-04-16 21:46:17.945690+07:00
หลอด LED สั้น PHILIPS T8 ECOFIT 8 วัตต์ DAYLIGHT G...,฿ 250-61%,https://www.homepro.co.th/p/1045138,2025-04-16 21:46:17.945690+07:00
หลอด LED DAYLIGHT LAMPTAN CEILING MODULE 24 วัตต์ ...,฿ 490-65%,https://www.homepro.co.th/p/1118549,2025-04-16 21:46:17.945690+07:00
หลอด LED PHILIPS A60 8 วัตต์ WARMWHITE E27,฿ 190-35%,https://www.homepro.co.th/p/1081186,2025-04-16 21:46:17.945690+07:00
หลอด LED LAMPTAN BULB GLOSS 9 วัตต์ DAYLIGHT E27 แ...,฿ 139-28%,https://www.homepro.co.th/p/1046081,2025-04-16 21:46:17.945690+07:00
หลอด LED LAMPTAN BULB GLOSS 18 วัตต์ DAYLIGHT E27,฿ 269-26%,https://www.homepro.co.th/p/1103750,2025-04-16 21:46:17.945690+07:00
หลอด LED PHILIPS T8 ECOFIT 765 18 วัตต์ DAYLIGHT G...,฿ 204-37%,https://www.homepro.co.th/p/1119400,2025-04-16 21:46:17.945690+07:00
หลอด LED PHILIPS ESSENTIAL 11 วัตต์ DAYLIGHT E27 แ...,฿ 300-47%,https://www.homepro.co.th/p/1158374,2025-04-16 21:46:17.945690+07:00
หลอด LED PHILIPS ESSENTIAL 13 วัตต์ WARM WHITE E27,฿ 180-51%,https://www.homepro.co.th/p/1166515,2025-04-16 21:46:17.945690+07:00
หลอด LED PHILIPS A60 12 วัตต์ DAYLIGHT E27 แพ็ก 4 ...,฿ 596-29%,https://www.homepro.co.th/p/1106308,2025-04-16 21:46:17.945690+07:00
หลอด LED LAMPTAN BULB GLOSS 9 วัตต์ WARM WHITE E27...,฿ 139-28%,https://www.homepro.co.th/p/1046002,2025-04-16 21:46:17.945690+07:00
หลอด LED LAMPTAN BULB GLOSS 14 วัตต์ DAYLIGHT E27,฿ 219-27%,https://www.homepro.co.th/p/1097424,2025-04-16 21:46:17.945690+07:00
บัวรดน้ำ SPRING LEAF 6 ลิตร สีเขียว,฿ 179-27%,https://www.homepro.co.th/p/196162,2025-04-16 21:46:17.945690+07:00
สายยางโรล SPRING W-04 1/2 นิ้วx30 ม. สีเขียว,"฿ 1,690-23%",https://www.homepro.co.th/p/194209,2025-04-16 21:46:17.945690+07:00
ดินปลูก คืนดี 6 ลิตร,฿ 159-18%,https://www.homepro.co.th/p/1170053,2025-04-16 21:46:17.945690+07:00
ที่แขวนสายยาง เหล็ก SPRING สีเทา,฿ 129-23%,https://www.homepro.co.th/p/196248,2025-04-16 21:46:17.945690+07:00
ดินผสมใบก้ามปู SPRING 20 กก.,฿ 129-38%,https://www.homepro.co.th/p/1178727,2025-04-16 21:46:17.945690+07:00
เครื่องตั้งเวลารดน้ำอัตโนมัติ SPRING DGH2601 สีเทา...,"฿ 1,390-35%",https://www.homepro.co.th/p/1052675,2025-04-16 21:46:17.945690+07:00
ดินผสมขุยมะพร้าว SPRING 20 กก.,฿ 129-38%,https://www.homepro.co.th/p/1178767,2025-04-16 21:46:17.945690+07:00
ดินเพาะกล้า SPRING 20 กก.,฿ 129-38%,https://www.homepro.co.th/p/1178804,2025-04-16 21:46:17.945690+07:00
ปืนฉีดน้ำปรับได้ 7 ระดับ SPRING DGH2012,฿ 249-36%,https://www.homepro.co.th/p/1103091,2025-04-16 21:46:17.945690+07:00
ถังพ่นยา SPRING SP01425 5 ลิตร,฿ 399-56%,https://www.homepro.co.th/p/1155595,2025-04-16 21:46:17.945690+07:00
สายยางโรล SPRING W-03 1/2 นิ้วX20 ม. สีเขียว,"฿ 1,390-35%",https://www.homepro.co.th/p/194138,2025-04-16 21:46:17.945690+07:00
สายยางโรล SPRING SXG-11002 1/2 นิ้วX20 เมตร สีเขีย...,"฿ 1,190-16%",https://www.homepro.co.th/p/1222590,2025-04-16 21:46:17.945690+07:00
ลูกบิดห้องน้ำ หัวกลม AZLE 5831 สีสเตนเลส,฿ 139-28%,https://www.homepro.co.th/p/1171468,2025-04-16 21:46:17.945690+07:00
ลูกบิดทั่วไป SOLEX 5500SS หัวกลม สีสเตนเลส,฿ 380-42%,https://www.homepro.co.th/p/287919,2025-04-16 21:46:17.945690+07:00
บานพับ 4X3 นิ้ว X 2 มม. SOLO 1143020 สีสเตนเลส (แพ...,฿ 390-51%,https://www.homepro.co.th/p/285261,2025-04-16 21:46:17.945690+07:00
บานพับ 4X3 นิ้ว X 2 มม. HAFELE 489.04.001 สีสเตนเล...,฿ 480-40%,https://www.homepro.co.th/p/238205,2025-04-16 21:46:17.945690+07:00
กล่องกุญแจ 160 ดอกBOXES TS0041 สีครีม,"฿ 1,450-40%",https://www.homepro.co.th/p/231941,2025-04-16 21:46:17.945690+07:00
ลูกบิดทั่วไป YALE EKN-VCA5147US32D หัวกลม สีสเตนเล...,฿ 370-43%,https://www.homepro.co.th/p/1115890,2025-04-16 21:46:17.945690+07:00
ลูกบิดห้องน้ำ หัวกลม HAFELE 489.93.115 สีสเตนเลส,฿ 330-36%,https://www.homepro.co.th/p/1076062,2025-04-16 21:46:17.945690+07:00
ลูกบิดห้องน้ำ YALE EKN-VCA5142US32D หัวกลม สีสเตนเ...,฿ 370-43%,https://www.homepro.co.th/p/1115919,2025-04-16 21:46:17.945690+07:00
บานพับ 4X3 นิ้ว X 2.5 มม. SOLEX 4324 สีสเตนเลส (แพ...,฿ 375-32%,https://www.homepro.co.th/p/233085,2025-04-16 21:46:17.945690+07:00
บานพับ 4X3 นิ้ว X 2 มม. SOLEX 4324 สีสเตนเลส (แพ็ก...,฿ 285-33%,https://www.homepro.co.th/p/249265,2025-04-16 21:46:17.945690+07:00
ลูกบิดทั่วไป หัวกลม HAFELE 489.93.110 สีสเตนเลส,฿ 350-37%,https://www.homepro.co.th/p/1076036,2025-04-16 21:46:17.945690+07:00
กล่องกุญแจ กุญแจ 45 ดอก BOXES TS0054 สีครีม,฿ 650-38%,https://www.homepro.co.th/p/231936,2025-04-16 21:46:17.945690+07:00
ลูกบิดทั่วไป YALE KN-VCA5127US32D หัวกลม สีสเตนเลส,฿ 380-42%,https://www.homepro.co.th/p/253679,2025-04-16 21:46:17.945690+07:00
กล่องกุญแจ กุญแจ 20 ดอก BOXES TS0083 สีครีม,฿ 425-41%,https://www.homepro.co.th/p/231935,2025-04-16 21:46:17.945690+07:00
ลูกบิดห้องน้ำ YALE KN-VCA5122US32D หัวกลม สีสเตนเล...,฿ 380-42%,https://www.homepro.co.th/p/253682,2025-04-16 21:46:17.945690+07:00
ประตูภายใน HDF AZLE ศรีวิชัย 4 ลูกฟัก 80X200 ซม. ส...,฿ 650-15%,https://www.homepro.co.th/p/1173540,2025-04-16 21:46:17.945690+07:00
ประตูห้องน้ำ UPVC ECO-DOOR P2 70X200 ซม. สีขาว เจา...,"฿ 1,590-18%",https://www.homepro.co.th/p/1200662,2025-04-16 21:46:17.945690+07:00
ประตูห้องน้ำ PVC AZLE AZ-2 เกล็ดล่าง UV มอก.70X200...,"฿ 1,370-20%",https://www.homepro.co.th/p/196611,2025-04-16 21:46:17.945690+07:00
วงกบประตู UPVC PARAZZO 70X200 ซม. สีขาว,"฿ 1,150-22%",https://www.homepro.co.th/p/239236,2025-04-16 21:46:17.945690+07:00
วงกบประตู UPVC ECO-DOOR UR-100 80X200 ซม. สีขาว,฿ 890-11%,https://www.homepro.co.th/p/1200646,2025-04-16 21:46:17.945690+07:00
ประตูห้องน้ำ UPVC ECO-DOOR PG2 70X200 ซม. สีขาว เจ...,"฿ 1,790-11%",https://www.homepro.co.th/p/1200647,2025-04-16 21:46:17.945690+07:00
วงกบประตู UPVC AZLE 70X200 ซม. สีขาว,"฿ 1,120-20%",https://www.homepro.co.th/p/1017131,2025-04-16 21:46:17.945690+07:00
วงกบประตู UPVC PARAZZO 80x200 ซม. สีขาว,"฿ 1,150-22%",https://www.homepro.co.th/p/239237,2025-04-16 21:46:17.945690+07:00
บัวพื้น UPVC HOFFEN 9.8X240X2ซม. สีขาว,฿ 350-34%,https://www.homepro.co.th/p/1166889,2025-04-16 21:46:17.945690+07:00
วงกบประตู PVC AZLE 70X200 ซม. สีขาว,฿ 650-9%,https://www.homepro.co.th/p/1010104,2025-04-16 21:46:17.945690+07:00
วงกบประตู UPVC AZLE 80x200 ซม. สีขาว,"฿ 1,120-20%",https://www.homepro.co.th/p/1014768,2025-04-16 21:46:17.945690+07:00
ประตูห้องน้ำ UPVC AZLE PZ6 70X200 ซม. สีขาว เจาะลู...,"฿ 2,590-23%",https://www.homepro.co.th/p/1016320,2025-04-16 21:46:17.945690+07:00
ประตูห้องน้ำ UPVC ASARA S7018 ลายตาราง 70X180 ซม. ...,"฿ 1,690-11%",https://www.homepro.co.th/p/1157734,2025-04-16 21:46:17.945690+07:00
ประตูภายนอก UPVC AZLE ET-04 80X200 ซม. สีขาว เจาะล...,"฿ 3,250-29%",https://www.homepro.co.th/p/1019553,2025-04-16 21:46:17.945690+07:00
บันไดอะลูมิเนียมพร้อมมือจับ MATALL 4 ขั้น สีเงิน,"฿ 2,500-20%",https://www.homepro.co.th/p/1128828,2025-04-16 21:46:17.945690+07:00
รถเข็นพื้นเหล็ก 4 ล้อ MATALL JR3001 280 กก.,"฿ 2,000-35%",https://www.homepro.co.th/p/1165754,2025-04-16 21:46:17.945690+07:00
รถเข็นอเนกประสงค์ 4 ล้อ MATALL 85-180 120 กก.,"฿ 1,000-20%",https://www.homepro.co.th/p/1062117,2025-04-16 21:46:17.945690+07:00
บันไดอะลูมิเนียมทรง A MATALL R12207L 7 ขั้น,"฿ 1,600-6%",https://www.homepro.co.th/p/1154144,2025-04-16 21:46:17.945690+07:00
บันไดอเนกประสงค์ปรับแบบ MATALL R14205 20 ขั้น,"฿ 4,590-30%",https://www.homepro.co.th/p/1112564,2025-04-16 21:46:17.945690+07:00
บันไดกันไฟ MATALL FG307 8 ขั้น,"฿ 3,300-21%",https://www.homepro.co.th/p/272020,2025-04-16 21:46:17.945690+07:00
รถเข็น 4 ล้อ MATALL FD300 300 กก. สีดำ,"฿ 2,790-43%",https://www.homepro.co.th/p/1028911,2025-04-16 21:46:17.945690+07:00
กล่องเครื่องมือ DIY MATALL HL3059 สีใส,฿ 400-50%,https://www.homepro.co.th/p/280905,2025-04-16 21:46:17.945690+07:00
บันได STEP 4 ขั้น MATALL WK2203E-4 สีขาว-ดำ,"฿ 1,790-56%",https://www.homepro.co.th/p/1101897,2025-04-16 21:46:17.945690+07:00
บันไดอะลูมิเนียมทรง A มีมือจับ MATALL 5 ขั้น,"฿ 1,900-21%",https://www.homepro.co.th/p/1102878,2025-04-16 21:46:17.945690+07:00
บันไดอะลูมิเนียมทรง A MATALL R12208L 8 ขั้น,"฿ 1,800-28%",https://www.homepro.co.th/p/1154130,2025-04-16 21:46:17.945690+07:00
กล่องเครื่องมือมีล้อ MATALL HL3042 24 นิ้ว สีดำ/เห...,"฿ 1,700-53%",https://www.homepro.co.th/p/270291,2025-04-16 21:46:17.945690+07:00
รถเข็นล้อลากอเนกประสงค์ MATALL JRWS-4,฿ 550-27%,https://www.homepro.co.th/p/1138067,2025-04-16 21:46:17.945690+07:00
รถเข็น 4 ล้อ MATALL FD150 150 กก. สีดำ,"฿ 1,800-33%",https://www.homepro.co.th/p/1028878,2025-04-16 21:46:17.945690+07:00
บันได STEP 3 ขั้น MATALL WK2203E-3 สีขาว-ดำ,"฿ 1,590-57%",https://www.homepro.co.th/p/1084215,2025-04-16 21:46:17.945690+07:00
พลาสติกกันกระแทก PACK IN 0.65x100 ม.,฿ 399-7%,https://www.homepro.co.th/p/1187587,2025-04-16 21:46:17.945690+07:00
อะคริลิกซีลแลนท์ TOA 303 280 มล. สีขาว,฿ 85-52%,https://www.homepro.co.th/p/1083844,2025-04-16 21:46:17.945690+07:00
กาววอลเปเปอร์ผสมสำเร็จ BONDTECH 1 กก.,฿ 299-20%,https://www.homepro.co.th/p/1159274,2025-04-16 21:46:17.945690+07:00
กาวตะปูแรงยึดสูงพิเศษ 3M 38 มล. สีเบจ,฿ 105-9%,https://www.homepro.co.th/p/1030496,2025-04-16 21:46:17.945690+07:00
ซิลิโคนชนิดไร้กรด 3M 300 มล. สีขาว,฿ 320-34%,https://www.homepro.co.th/p/284491,2025-04-16 21:46:17.945690+07:00
โพลียูริเทนอุดรอย TOA 310 มล. สีขาว,฿ 265-24%,https://www.homepro.co.th/p/1041879,2025-04-16 21:46:17.945690+07:00
กาวพลังตะปู 3M 300 มล. สีเบจ,฿ 255-29%,https://www.homepro.co.th/p/284492,2025-04-16 21:46:17.945690+07:00
ซิลิโคนชนิดไร้กรด 3M 300 มล. สีใส,฿ 305-34%,https://www.homepro.co.th/p/284489,2025-04-16 21:46:17.945690+07:00
หน้ากากอนามัย 3M แพ็ก 50 ชิ้น สีเขียว,฿ 125-21%,https://www.homepro.co.th/p/1169483,2025-04-16 21:46:17.945690+07:00
สเปรย์ไล่จิ้งจกและสัตว์ลิ้นสองแฉก SARGENT 250 มล.,฿ 159-25%,https://www.homepro.co.th/p/1124504,2025-04-16 21:46:17.945690+07:00
กาวพลังตะปูสูตรน้ำมัน TOA FAST BOND 320 ก. สีเบจ,฿ 100-11%,https://www.homepro.co.th/p/1112579,2025-04-16 21:46:17.945690+07:00
ซีเมนต์ไม่หดตัว LANKO 701 25 กก.,฿ 365-26%,https://www.homepro.co.th/p/124514,2025-04-16 21:46:17.945690+07:00
กระเบื้องผนัง 12x18 นิ้ว COTTO อิงลิชการ์เด้นกลอสบ...,฿ 399-7%,https://www.homepro.co.th/p/1179272,2025-04-16 21:46:17.945690+07:00
กระเบื้องพื้น 16X16 นิ้ว TARA พาสเทลราซโซ่ คัลเลอร...,฿ 209-9%,https://www.homepro.co.th/p/1194814,2025-04-16 21:46:17.945690+07:00
กระเบื้องผนัง 25x40 ซม. ไวท์แซนด์ ขาว 1M2,฿ 269-26%,https://www.homepro.co.th/p/1150053,2025-04-16 21:46:17.945690+07:00
กระเบื้องผนัง 8X16 นิ้ว DURAGRES กู๊ดเนส แบล็ค 1M2,฿ 219-9%,https://www.homepro.co.th/p/1103464,2025-04-16 21:46:17.945690+07:00
กระเบื้องพื้น 16x16 นิ้ว DURAGRES โนเบล เทา (EXC) ...,฿ 209-4%,https://www.homepro.co.th/p/1136973,2025-04-16 21:46:17.945690+07:00
กระเบื้องผนัง 30x45 ซม. เอมมาลิน ไวท์ II 0.81M2,฿ 299-30%,https://www.homepro.co.th/p/1160615,2025-04-16 21:46:17.945690+07:00
กระเบื้องพื้น 40x40 ซม. CERGRES จากัวร์ ดำ A 0.96M...,฿ 305-8%,https://www.homepro.co.th/p/1109403,2025-04-16 21:46:17.945690+07:00
กระเบื้องพื้น 40x40 ซม. CERGRES จากัวร์ เทา A,฿ 305-8%,https://www.homepro.co.th/p/1109392,2025-04-16 21:46:17.945690+07:00
กระเบื้องผนัง 25x40 ซม. MAXIMUS เมโทร ไวท์ A 1M2,฿ 299-20%,https://www.homepro.co.th/p/1093982,2025-04-16 21:46:17.945690+07:00
กระเบื้องพื้น 30X30 ซม. ภูรัศมี เกรย์,฿ 169-5%,https://www.homepro.co.th/p/1093230,2025-04-16 21:46:17.945690+07:00
กระเบื้องพื้น 60X60 ซม. TARA แกรนิโต้ เบจนาโน นิว ...,฿ 299-16%,https://www.homepro.co.th/p/1038687,2025-04-16 21:46:17.945690+07:00
